Month,Active Players,New Players,Proposals,Names
2005-06,1,1,0,"75th Trombone"
2005-07,1,0,0,"75th Trombone"
2005-08,14,13,94,"75th Trombone, Call for Judgment, ChronosPhaenon, Cosmologicon, Excalabur, gazebo_dude, jamuraa, Noah, Plorkyeran, Quazie, Rodney, Seventy-Fifth Trombone, Shadowclaw, smith"
2005-09,11,3,98,"Call for Judgment, ChronosPhaenon, Excalabur, gazebo_dude, gobleteer, jamuraa, Purplebeard, Rodney, Seventy-Fifth Trombone, smith, Tekneek"
2005-10,16,6,92,"90000, Angry Grasshopper, Call for Judgment, ChronosPhaenon, Excalabur, gazebo_dude, gobleteer, Gwydion, jamuraa, Kevan, lunaetic, Purplebeard, Rodney, Shadowclaw, smith, TrumanCapote"
2005-11,12,3,39,"Angry Grasshopper, Cayvie, ChronosPhaenon, Excalabur, Gwydion, Hix, Kevan, Quazie, Rodney, smith, The Lone Amigo, TrumanCapote"
2005-12,22,8,120,"75th Trombone, AgentHH, Angry Grasshopper, Call for Judgment, Cayvie, ChronosPhaenon, danopato, Elias IX, Excalabur, Hix, Kevan, Moonwryn, notafraud, Purplebeard, Quazie, Rodney, Salamander, Saurik, Seventy-Fifth Trombone, smith, The Lone Amigo, vee"
2006-01,22,6,46,"AgentHH, Angry Grasshopper, ChronosPhaenon, danopato, Elias IX, Excalabur, Hix, Igthorn, Josh, Kevan, mes27, notafraud, predisastered, Purplebeard, Quazie, Rodney, Saurik, Seventy-Fifth Trombone, smith, Tagone, The Lone Amigo, WildCard"
2006-02,22,7,67,"90000, Angry Grasshopper, Banja, Bucky, Call for Judgment, David Mega, Elias IX, Excalabur, Hix, Igthorn, JelloGoesWiggle, Josh, Kevan, Personman, predisastered, Purplebeard, Rodney, Scaramouche, Shadowclaw, smith, The Lone Amigo, TigerMoth"
2006-03,26,4,101,"90000, Angry Grasshopper, Banja, Bucky, Call for Judgment, ChronosPhaenon, Ciaran, Elias IX, Excalabur, Hix, Josh, Kevan, Pangolin, Personman, predisastered, puppet lars, Purplebeard, Quazie, Ralff, Rodney, Scaramouche, Seventy-Fifth Trombone, Shadowclaw, smith, The Lone Amigo, TrumanCapote"
2006-04,22,4,39,"90000, Angry Grasshopper, Bucky, Cavaliere Pugrins, ChronosPhaenon, Elias IX, Hix, Igthorn, Josh, Personman, Plorkyeran, predisastered, Purplebeard, Quazie, Ralff, Rodney, Seventy-Fifth Trombone, smith, TAE, The Lone Amigo, Thelonious, TheSmokingMan"
2006-05,12,2,45,"Angry Grasshopper, Bucky, Call for Judgment, Elias IX, Excalabur, Hix, Lex10, Purplebeard, smith, TAE, Thelonious, zorenathres"
2006-06,20,8,82,"75th Trombone, Alcazar, Angry Grasshopper, Bucky, Call for Judgment, Da Vinci, Dreson, Elias IX, Excalabur, Greek Diamond, Greth, Hix, Iron Man, Isolde, Kevan, Purplebeard, Seventy-Fifth Trombone, The Doctor, Thelonious, zorenathres"
2006-07,19,4,118,"Angry Grasshopper, Bucky, ChronosPhaenon, Coldspell, Elias IX, Excalabur, Greth, Hix, Isolde, kaddar, Kevan, Purplebeard, Rodney, Saki, Shadowclaw, TAE, The Doctor, Thelonious, Thorolf"
2006-08,21,6,57,"Angry Grasshopper, aran, Bucky, Cavaliere Pugrins, ChronosPhaenon, Corlindale, Elias IX, epylar, gazebo_dude, Hix, Kevan, Poe, Quazie, Rodney, Saki, Seventy-Fifth Trombone, TAE, Tesla4D, The Lone Amigo, Thelonious, Thrawn"
2006-09,17,1,57,"Angry Grasshopper, Bucky, Cayvie, ChronosPhaenon, Clucky, Cosmologicon, Elias IX, epylar, gazebo_dude, Hix, Kevan, Purplebeard, Rodney, Seventy-Fifth Trombone, The Doctor, Thelonious, Thrawn"
2006-10,12,1,41,"90000, Angry Grasshopper, Bucky, Cayvie, Clucky, Elias IX, epylar, Hix, Purplebeard, Rodney, Thrawn, Tommy"
2006-11,22,8,65,"Angry Grasshopper, aran, Bucky, ChronosPhaenon, Clucky, Combustable, dogfish, Duke, Elias IX, Hix, isaid, Josh, Ornithopter, patio11, Purplebeard, Rhontos, Rodney, Saki, shallowminded, Thrawn, Tommy, TrumanCapote"
2006-12,18,4,67,"alethiophile, Bucky, Call for Judgment, ChronosPhaenon, Clucky, Combustable, Elias IX, Hix, Josh, Lambert, Purplebeard, Rodney, Rotwang, Saki, shallowminded, spikebrennan, Thrawn, Tommy"
2007-01,21,9,70,"alethiophile, brainslug, Bucky, Call for Judgment, ChinDoGu, ChronosPhaenon, Clucky, Combustable, Doremi, Elias IX, Excalabur, Fidelio, Hix, JoshuaGross, peacefulwarrior, pie-is-square, Scaramouche, snowballinhell7001, spikebrennan, The Doctor, viewtyjoe"
2007-02,30,7,113,"alethiophile, Amnistar, Angry Grasshopper, Axeling, BabylonJasmine, Call for Judgment, ChinDoGu, ChronosPhaenon, Clucky, Cosmologicon, Doodle, Doremi, Edometheus, Elias IX, Excalabur, Hix, Josh, Kevan, peacefulwarrior, Purplebeard, Ralff, Rodney, Scaramouche, Seebo, snowballinhell7001, spikebrennan, Tesla4D, The Doctor, Tiberias, viewtyjoe"
2007-03,20,2,59,"alethiophile, Amnistar, Angry Grasshopper, Axeling, BabylonJasmine, Bucky, Call for Judgment, ChronosPhaenon, Clucky, Cosmologicon, Hix, Purplebeard, Rodney, Seebo, snowballinhell7001, spikebrennan, tem2, Tiberias, viewtyjoe, Zebra"
2007-04,20,6,85,"404notfound, alethiophile, Amnistar, Angry Grasshopper, Axeling, BobTHJ, Call for Judgment, ChronosPhaenon, Clucky, Cosmologicon, Elias IX, Enderbean, gobleteer, Hix, joe371, Rodney, Seebo, spikebrennan, Token, Woofy"
2007-05,13,2,31,"alethiophile, Amnistar, Axeling, BobTHJ, Bucky, Chivalrybean, ChronosPhaenon, Clucky, Enderbean, Gazanga, Hix, Rodney, spikebrennan"
2007-06,14,3,64,"75th Trombone, alethiophile, BobTHJ, Brendan, Bucky, Chivalrybean, ChronosPhaenon, Clucky, Denis Brandao, Diomedes, Josh, Kevan, spikebrennan, The Doctor"
2007-07,18,4,69,"90000, alethiophile, Amnistar, Brendan, Bucky, Chivalrybean, ChronosPhaenon, Clucky, Denis Brandao, Elias IX, Hix, Icarus, Josh, Kevan, Night, Oracular rufio, Rodney, Zephyr"
2007-08,21,4,73,"90000, aaronwinborn, alethiophile, Amnistar, banana, BobTHJ, Brendan, Chivalrybean, ChronosPhaenon, Clucky, Darknight, Elias IX, Hix, Icarus, Josh, Kevan, Oracular rufio, Scaramouche, Shane, snowballinhell7001, Zephyr"
2007-09,14,1,42,"75th Trombone, aaronwinborn, alethiophile, Chivalrybean, Clucky, Darknight, Glutama, Hix, Josh, Kevan, Oracular rufio, Scaramouche, snowballinhell7001, Zephyr"
2007-10,21,4,104,"aaronwinborn, Amnistar, BobTHJ, Brendan, Bucky, Chivalrybean, Clucky, Darknight, Dr Zed, Hix, Hockeyruler, Igthorn, Kevan, Oracular rufio, Rodlen, Rodney, Shadowclaw, spikebrennan, Tesla4D, Tiberias, Zaratustra"
2007-11,21,2,128,"aaronwinborn, Amnistar, Bahro, BobTHJ, Brendan, Bucky, Call for Judgment, Chivalrybean, Clucky, Darknight, Elias IX, Hix, Icarus, Josh, Kevan, Oracular rufio, Rodlen, Rodney, spikebrennan, Tiberias, Yoda"
2007-12,14,2,28,"aaronwinborn, Amnistar, Bahro, Chivalrybean, Clucky, Elias IX, Hix, Jack, Josh, Rodlen, sixsidepentagon, spikebrennan, Yoda, Zephyr"
2008-01,17,3,51,"aaronwinborn, Cascadia, Chivalrybean, Clucky, Darknight, Iammars, Igthorn, Jack, jmrdex, Kevan, Night, Rodlen, Seventy-Fifth Trombone, sixsidepentagon, spikebrennan, Yoda, Zephyr"
2008-02,10,2,20,"aaronwinborn, arthexis, Chivalrybean, Clucky, Darknight, Jack, Rodlen, Sheelawolf, spikebrennan, Yoda"
2008-03,26,9,110,"aaronwinborn, ajhager, alethiophile, arthexis, Bucky, Chivalrybean, Clucky, Darknight, Dustin, gr4nf, Iammars, Jacek_FH, Jack, JoshuaGross, Kevan, Logan, Lugosh, LykeX, mistarrr oconnell, Night, Oze, Purplebeard, Rodlen, spikebrennan, Tekneek, Yoda"
2008-04,23,6,108,"90000, aaronwinborn, arthexis, Beane, Bucky, Chivalrybean, Darknight, dogfish, Dustin, Grey, jay, jmrdex, Josh, Kevan, Masked Jedi, Ornithopter, Oze, Purplebeard, Rodlen, Soyweiser, spikebrennan, Yoda, your mother"
2008-05,15,3,89,"Amnistar, arthexis, Call for Judgment, captpir8, Darknight, Devenger, jay, jmrdex, Kevan, Ornithopter, Oze, Purplebeard, Rodlen, Tavros, Yoda"
2008-06,10,1,44,"Amnistar, arthexis, Darknight, Devenger, jay, Kevan, Oze, Rodlen, Yoda, Zeofar"
2008-07,16,2,84,"Amnistar, arthexis, Bucky, Call for Judgment, Chivalrybean, Clucky, Darknight, Devenger, Dustin, jay, Oze, Rodlen, Seeking, tusho, Yoda, Zeofar"
2008-08,16,4,31,"75th Trombone, Ambi Valent, Amnistar, arthexis, Beane, Bucky, Chivalrybean, Clucky, Darknight, Oni Tainlyn, Oze, Qapmoc, Quazie, Thrawn, vostibackle, Yoda"
2008-09,18,3,58,"Ambi Valent, Amnistar, arthexis, Bucky, Call for Judgment, Clucky, Darknight, jmrdex, Joe, Oze, Qapmoc, Rodney, SPBM, spikebrennan, Thrawn, TrumanCapote, tusho, Xaxyx"
2008-10,21,3,74,"Aemos, arthexis, Bucky, Call for Judgment, Clucky, Darknight, Dustin, Hello Sailor, Joe, Kevan, Oze, Purplebeard, Qapmoc, Rodlen, Rodney, SPBM, spikebrennan, Tripwire, TrumanCapote, Xaxyx, Yoda"
2008-11,20,6,114,"Aemos, Armayus, arthexis, Bucky, ChronosPhaenon, Darknight, Gnauga, Hello Sailor, jockawo, Kevan, Klisz, Oni Tainlyn, ovangle, Oze, Purplebeard, Rodlen, Rodney, SingularByte, spikebrennan, Yoda"
2008-12,28,8,111,"Amnistar, arthexis, Bucky, Call for Judgment, Cayvie, Chivalrybean, Clucky, Darknight, Elias IX, eljefe, Escher, Gnauga, jmrdex, kaddar, Kels, Klisz, Oze, Rodlen, Rodney, Sgeo, SingularByte, spikebrennan, Syl, teucer, tusho, Wooble, Yoda, zuff"
2009-01,27,8,153,"75th Trombone, Amnistar, arthexis, Bucky, Call for Judgment, Clucky, Darknight, Escher, Gnauga, Gramira, Igthorn, Kevan, Klisz, Leurez, omd, Qwazukee, Rodlen, SingularByte, Sparrow, spikebrennan, teucer, The Cube, Wakukee, Wooble, Wooden Squid, Yoda, zuff"
2009-02,25,1,135,"ais523, Amnistar, arthexis, Clucky, Darknight, Devenger, dogfish, Elias IX, Gnauga, Hix, Igthorn, Kevan, Klisz, Oze, Qwazukee, Rodlen, SingularByte, Sparrow, Syl, TrumanCapote, Wakukee, Wooble, Wooden Squid, Yoda, zuff"
2009-03,28,10,69,"ais523, allispaul, Altharis, arthexis, Clucky, Darknight, Devenger, dogfish, garrinok, gill_smoke, Gnauga, Igthorn, Influenza, Jeid, Josh, Jupiter, Kelvin, Kevan, Klisz, omd, Oze, Psychotipath, Qwazukee, Rodlen, SingularByte, Tiger, Wakukee, Yoda"
2009-04,14,4,22,"ais523, Aquila, arthexis, Devenger, FiSH, Gnauga, Ienpw III, Josh, Kevan, Klisz, Qwazukee, Rodlen, tuxhedoh, Wakukee"
2009-05,26,3,102,"ais523, arthexis, Bucky, C-walker, Clucky, Darknight, delta, Devenger, firefaux, Ienpw III, Influenza, Josh, Kevan, Klisz, Oze, Psychotipath, Quazie, Qwazukee, Rodlen, SingularByte, smith, spikebrennan, TAE, tuxhedoh, Wakukee, Yoda"
2009-06,25,6,89,"ais523, Amnistar, arthexis, Bobbikk, Bucky, Clucky, Darknight, delta, evilclown, Ienpw III, Klisz, MacMed, Neil, omd, Psychotipath, Qapmoc, Qwazukee, Rodlen, Sgt. Zed, Shem, SingularByte, smith, spikebrennan, Wakukee, Wooble"
2009-07,18,3,68,"ais523, Amnistar, arthexis, Bucky, Clucky, Darknight, Euler, geographyrules, Ienpw III, Klisz, MacMed, Mossfire, Qwazukee, Rodlen, Shem, spikebrennan, Wakukee, Wooble"
2009-08,25,3,119,"75th Trombone, ais523, Apathetic Lizardman, arthexis, Bucky, Darknight, dogfish, Euler, Excalabur, Gawain, geographyrules, Ienpw III, Klisz, Mossfire, Oze, Pavitra, Psychotipath, Qwazukee, Rodlen, Seventy-Fifth Trombone, Shem, SingularByte, spikebrennan, Wakukee, Wooble"
2009-09,13,1,46,"ais523, Apathetic Lizardman, arthexis, Bucky, Dr. Melon, Ienpw III, Josh, Kevan, Klisz, Mossfire, Qwazukee, spikebrennan, Wakukee"
2009-10,20,3,155,"ais523, Amnistar, anna, arthexis, Bucky, Darknight, dogfish, Excalabur, Ienpw III, Josh, Kevan, Klisz, Oranjer, Oze, Qwazukee, Rune Master Xan, Shem, spikebrennan, Wakukee, Wooble"
2009-11,19,4,58,"75th Trombone, ais523, Alzhaid, Apathetic Lizardman, arthexis, Bucky, Excalabur, Hix, Ienpw III, Josh, Kevan, Klisz, NoOneImportant, OddRon, Oze, Qwazukee, spikebrennan, tecslicer, Wakukee"
2009-12,30,7,78,"90000, ais523, alethiophile, Apathetic Lizardman, Bucky, Darknight, digibomber, Dustin, Excalabur, Falkuon, Ienpw III, Josh, Kevan, Klisz, Nausved, NoOneImportant, Ornithopter, Oze, Qwazukee, SanguineTeddy, Scaramouche, SingularByte, spikebrennan, Syl, tecslicer, There, Uvthenfuv, Wakukee, xiaobo, Zephyr"
2010-01,39,10,121,"90000, ais523, alethiophile, Anonyman, Apathetic Lizardman, Aquafraternally Yours, arthexis, Bucky, cloj63, Darknight, digibomber, Dustin, Excalabur, Greytyphoon, Hix, Ienpw III, Josh, Keba, Kevan, Klisz, Kneuronak, NonnoNaz, NoOneImportant, Ornithopter, Purplebeard, Put, Qwazukee, Rodlen, Roujo, Rune Master Xan, SanguineTeddy, spikebrennan, tecslicer, There, Thrawn, TrumanCapote, Uvthenfuv, Wakukee, yabbaguy"
2010-02,27,5,73,"ais523, Anonyman, Bucky, Darknight, dbdougla, digibomber, Excalabur, flurie, hellzapoppin, Hix, Ienpw III, Josh, Keba, Kevan, Klisz, lordcooper, NoOneImportant, Ornithopter, Purplebeard, Put, Qwazukee, Rodlen, Roujo, Uvthenfuv, Wakukee, yabbaguy, zauper"
2010-03,20,3,87,"ais523, Anonyman, Darknight, dbdougla, DiEvAl, flurie, Ienpw III, Josh, Keba, Kevan, Klisz, Lithophagist, lordcooper, Pteriforever65536, Purplebeard, Put, Roujo, spikebrennan, tecslicer, Uvthenfuv"
2010-04,31,6,92,"ais523, Anonyman, Clucky, Darknight, dbdougla, digibomber, flurie, Galdyn, Hix, Hyronious, Ienpw III, Igthorn, Josh, Kalhaan, Keba, keecz, Kevan, Klisz, lordcooper, muiro, Oracular rufio, Ornithopter, Purplebeard, Put, Qwazukee, Rodlen, Roujo, SeerPenguin, spikebrennan, Tiberias, Wakukee"
2010-05,26,6,71,"ais523, Anonyman, Bluecloud, Bucky, dbdougla, flurie, Galdyn, h2g2guy, Ienpw III, Josh, Jumblin McGrumblin, Keba, Kevan, Klisz, lilomar, lordcooper, Ornithopter, Purplebeard, Put, Qwazukee, Rodney, ScrumHalf, scshunt, SeerPenguin, spikebrennan, Tiberias"
2010-06,27,5,89,"ais523, Aquafraternally Yours, Bucky, dbdougla, Freezerbird, Galdyn, h2g2guy, Hix, Ienpw III, Josh, Jumblin McGrumblin, Keba, Kevan, Klisz, Kyre, lilomar, Narya, Nic, omd, Purplebeard, Put, Qwazukee, Rodney, scshunt, spikebrennan, Wooble, zebronic"
2010-07,29,4,126,"90000, ais523, Anonyman, Brownie, Bucky, Darknight, Dazz, dbdougla, flurie, Galdyn, glopso, h2g2guy, Ienpw III, Josh, Keba, Kevan, Klisz, Kyre, lilomar, Narya, omd, Princerepulsive, Purplebeard, Put, Qwazukee, Rodney, scshunt, spikebrennan, Wakukee"
2010-08,27,3,121,"75th Trombone, aeromark98, ais523, Bucky, Clucky, Darknight, flurie, Galdyn, glopso, Hix, Ienpw III, jmrdex, Josh, Jumblin McGrumblin, Keba, Kevan, Klisz, Kyre, lilomar, parsley, Princerepulsive, Purplebeard, Qwazukee, scshunt, spikebrennan, Spitemaster, Wakukee"
2010-09,17,3,41,"ais523, Brendan, Brownie, Bucky, EvilToaster, flurie, glopso, Josh, Kevan, Klisz, lilomar, Maximus, Qwazukee, Roujo, scshunt, Thane Q, Wakukee"
2010-10,19,6,70,"ais523, Amnistar, Anonyman, Blacky, Brendan, Bucky, Darknight, FuzzyLogic, Ienpw III, Josh, Kevan, lilomar, Mosby, Purplebeard, Roujo, Sysiphus, Thane Q, Ujalu, the unnecessary., undef"
2010-11,34,12,121,"Alecto, Ambisinister, Blacky, Brendan, Bucky, Clarinet, Clucky, Darknight, FuzzyLogic, glopso, Greytyphoon, h2g2guy, Ienpw III, Ironwrench, Josh, Kau, Kevan, Klisz, lilomar, Loen, lordcooper, macgeorge, Purplebeard, Richard, Roujo, SethOcean, spikebrennan, Subrincinator, Thane Q, The Lone Amigo, Tuzgai, Ujalu, the unnecessary., undef, William"
2010-12,24,4,68,"Alecto, Blacky, Brendan, Bucky, Clarinet, Clucky, FuzzyLogic, Greytyphoon, Hyronious, Ienpw III, iqforu, JoeFish, Josh, Kevan, Klisz, Purplebeard, Put, Roujo, scshunt, SethOcean, Stormshade, Subrincinator, Thane Q, Thelas"
2011-01,21,3,65,"Ambisinister, Blacky, Bucky, Chivalrybean, Clucky, Darknight, dev, Ely, iqforu, Josh, Kevan, Klisz, macgeorge, Oze, Purplebeard, Roujo, spikebrennan, Subrincinator, Wakukee, William, Winner"
2011-02,26,8,52,"ais523, Aleron, Antaeus, Badgerigar, Blacky, Brownie, Bucky, Chivalrybean, Ely, Geoff, Josh, Kevan, Klisz, Madalyn, Princerepulsive, Purplebeard, Rodlen, Roujo, Saakara, spikebrennan, Subrincinator, Token, udqbpn, WhenInRome, William, Winner"
2011-03,23,2,62,"ais523, Antaeus, Badgerigar, Blacky, Bucky, Chivalrybean, Darknight, Ely, Florw, glopso, Josh, Kevan, Klisz, lilomar, Purplebeard, Roujo, Subrincinator, Travis, udqbpn, Ujalu, the unnecessary., WildCard, William, Winner"
2011-04,26,3,133,"ais523, Axmann, Brownie, Bucky, Chivalrybean, Darknight, Ely, Florw, Ienpw III, imreading, Josh, Kevan, Klisz, lilomar, nowhereful, Oze, Purplebeard, Quazie, scshunt, spikebrennan, Subrincinator, Tiberias, Travis, udqbpn, WildCard, Winner"
2011-05,26,6,97,"aguydude, ais523, Bento, Bucky, Crumb, Darknight, Doctor29, Ely, Galtori, Hix, Ienpw III, Josh, Keba, Kevan, Klisz, Purplebeard, qwertyu63, Roujo, scshunt, SingularByte, spikebrennan, Subrincinator, Travis, udqbpn, Winner, Yoda"
2011-06,16,2,91,"aguydude, ais523, Bucky, Doctor29, Ely, Florw, Ienpw III, Josh, mideg, Purplebeard, scshunt, SingularByte, Stelpa, udqbpn, Winner, Yoda"
2011-07,19,1,93,"aguydude, ais523, Anonyman, Blacky, Bucky, Doctor29, Ely, Galtori, Ienpw III, Josh, Kevan, mideg, Prince Anduril, Purplebeard, scshunt, Subrincinator, Wakukee, Winner, Yoda"
2011-08,17,4,50,"Amnistar, Andy, Anonyman, bateleur, Blacky, Bucky, coolchris, Darkside, Doctor29, Ely, Ienpw III, Josh, Kevan, Prince Anduril, scshunt, Tiger, Winner"
2011-09,20,4,69,"ais523, banyan, bateleur, Blacky, Bucky, Darknight, Ely, Florw, Ienpw III, Jesus, Josh, Kevan, Klisz, omd, Prince Anduril, scshunt, Soviet Brendon, Ujalu, the unnecessary., villainod, Wooble"
2011-10,58,16,123,"ais523, Amnistar, Aquafraternally Yours, arthexis, banyan, bateleur, Blacky, Blorg, Brendan, Bucky, ChronosPhaenon, Clucky, CWW, Darknight, digibomber, Doctor29, dupdog, eelpout, Elias IX, Ely, flurie, Ienpw III, Josh, Kevan, Klisz, lass, lazerchik, Libby, lilomar, monqy, Moriarty, Murphy, omd, Ornithopter, Pavitra, Phantom Hoover, pikhq, Prince Anduril, Purplebeard, Qwazukee, rebelyellow, Rodney, Roujo, Schrodinger's Cat, scshunt, Seventy-Fifth Trombone, Sgeo, Shadowclaw, SingularByte, southpointingchariot, Soviet Brendon, Spitemaster, Tiger, Wakukee, Winner, Wooble, Yally, zuff"
2011-11,24,2,107,"ais523, Aquafraternally Yours, arthexis, Bucky, ChronosPhaenon, Clucky, Cpt_Koen, eelpout, flurie, Ienpw III, Josh, Kevan, Klisz, lazerchik, Murphy, omd, Ornithopter, Pavitra, PBURNS, Prince Anduril, scshunt, southpointingchariot, Soviet Brendon, Spitemaster"
2011-12,12,1,31,"ais523, Bucky, ChronosPhaenon, Clucky, Cpt_Koen, Josh, Pavitra, Prince Anduril, scshunt, Soviet Brendon, Spitemaster, TheMerovingian"
2012-01,19,1,43,"ais523, Bucky, ChronosPhaenon, Clucky, Cpt_Koen, Darknight, flurie, Greytyphoon, Josh, Kevan, Klisz, laozi, Murphy, omd, scshunt, southpointingchariot, Soviet Brendon, Spitemaster, Winner"
2012-02,11,0,38,"Bucky, ChronosPhaenon, Clucky, Cpt_Koen, Greytyphoon, Josh, Kevan, Murphy, PBURNS, southpointingchariot, TheMerovingian"
2012-03,21,5,71,"Alda, Bucky, chinavibratingsieve, ChronosPhaenon, Clucky, Cpt_Koen, Doctor29, Florw, Greytyphoon, Josh, Kevan, Klisz, Loen, Murphy, omd, Patrick, scshunt, SlamCrackle, southpointingchariot, Soviet Brendon, Yonah"
2012-04,12,1,49,"Clucky, Cpt_Koen, Doctor29, Florw, Josh, Kevan, Murphy, Patrick, RobinHood3, scshunt, southpointingchariot, Yonah"
2012-05,20,6,30,"BobTHJ, Bucky, Clucky, Cpt_Koen, Darknight, Gidil, Josh, Kevan, Klisz, moonroof, MrBear, Murphy, nqeron, omd, PBURNS, quirck, southpointingchariot, Soviet Brendon, welknair, Yonah"
2012-06,30,6,87,"ais523, baeshra, BobTHJ, Bucky, Clucky, Cpt_Koen, Darknight, Henri, Hobbit, Ienpw III, Josh, Keba, Kevan, Klisz, LT3000, moonroof, MrBear, Murphy, nqeron, omd, Oranjer, patheros, Purplebeard, quirck, Rodney, scshunt, southpointingchariot, Soviet Brendon, Spice, welknair"
2012-07,11,3,51,"Clucky, Josh, Kevan, kops, moonroof, Murphy, quirck, scshunt, Spice, Vovix, Yngvi-Freyr"
2012-08,9,1,37,"Clucky, Cpt_Koen, GreyWithAnE, Josh, Murphy, quirck, scshunt, southpointingchariot, Spice"
2012-09,17,3,63,"90000, Bucky, Clucky, Ely, GreyWithAnE, Henri, IceFromHell, Josh, Kevan, Klisz, Murphy, quirck, Ragnar DanneskjÃƒÂ¶ld, scshunt, southpointingchariot, Spice, Tee"
2012-10,13,2,70,"Bucky, Clucky, Cpt_Koen, Henri, IceFromHell, Josh, Kevan, Larrytheturtle, Murphy, quirck, RaichuKFM, scshunt, spikebrennan"
2012-11,11,0,39,"Anonyman, Clucky, Cpt_Koen, Josh, Kevan, lordcooper, Murphy, quirck, RaichuKFM, scshunt, Wakukee"
2012-12,20,6,54,"Argon14, Clucky, Cpt_Koen, DickT, Henri, Igthorn, Josh, Kevan, Klisz, Larrytheturtle, laserboot, minkette, Murphy, Purplebeard, quirck, RaichuKFM, robo1995, scshunt, southpointingchariot, Sphinx"
2013-01,19,2,82,"Argon14, Clucky, Cpt_Koen, IceFromHell, Igthorn, Josh, Kevan, Murphy, nqeron, Patrick, Purplebeard, quirck, RaichuKFM, robo1995, scshunt, Skju, Sphinx, Spitemaster, thingnumber2"
2013-02,15,2,58,"Henri, Josh, kikar, Larrytheturtle, MurphEngineer, Murphy, nqeron, omd, Patrick, Purplebeard, RaichuKFM, robo1995, scshunt, Skju, Spitemaster"
2013-03,14,1,58,"HugBeam, Josh, Kevan, kikar, Larrytheturtle, MurphEngineer, Murphy, nqeron, Purplebeard, quirck, RaichuKFM, scshunt, Skju, Spitemaster"
2013-04,17,5,55,"Clucky, Josh, kikar, Larrytheturtle, MurphEngineer, Murphy, nqeron, Purplebeard, QuinnR, RaichuKFM, Rationality, Roujo, Skju, spikebrennan, Tomas, TyTy, Yoshi1118"
2013-05,10,1,38,"Clucky, Henri, Ienpw III, kikar, Larrytheturtle, planet81, RaichuKFM, Rationality, Skju, Tavros"
2013-06,13,2,34,"aelthwin, Clucky, Fool, Ienpw III, kikar, Murphy, nqeron, quirck, RaichuKFM, Skju, Sphinx, Tavros, Wakukee"
2013-07,13,1,29,"Arlnoff, Clucky, Ienpw III, Josh, Kevan, kikar, Murphy, nqeron, Purplebeard, quirck, Skju, Sphinx, Spitemaster"
2013-08,12,2,16,"Clucky, Ember, Henri, Kevan, kikar, Larrytheturtle, Purplebeard, RaichuKFM, Skju, Sphinx, Spitemaster, Zefareu"
2013-09,13,1,50,"aelthwin, andrewStiltman, Clucky, Kevan, kikar, Murphy, nqeron, Purplebeard, quirck, RaichuKFM, Sphinx, Spitemaster, Zefareu"
2013-10,16,3,25,"Bucky, Clucky, jeo, Josh, Kevan, Larrytheturtle, Ludwig, Murphy, Purplebeard, quirck, RaichuKFM, scshunt, Sphinx, Spitemaster, turtlemoon, Wakukee"
2013-11,15,1,60,"Bucky, Clucky, Ely, Josef, Josh, Kevan, kikar, Larrytheturtle, Ludwig, Purplebeard, quirck, RaichuKFM, scshunt, Skju, Spitemaster"
2013-12,13,1,35,"aran, Clucky, IceFromHell, jookyle, Josh, Kevan, kikar, Larrytheturtle, Murphy, Purplebeard, RaichuKFM, Spitemaster, The Cube"
2014-01,11,2,20,"aran, Clucky, Kevan, Larrytheturtle, Purplebeard, RaichuKFM, Sacchan, Skju, The Cube, turtlemoon, Urist_McNomic"
2014-02,7,1,19,"aran, Dorieke, Larrytheturtle, Purplebeard, RaichuKFM, Rodney, Skju"
2014-03,10,3,42,"Babylon, benzene, Dorieke, Josh, Justice, Kevan, Murphy, Purplebeard, RaichuKFM, Rodney"
2014-04,7,2,33,"benzene, IceFromHell, Kevan, modulus, pizzashark, RaichuKFM, Rodney"
2014-05,7,1,29,"Bayushi, Excalabur, Josh, Kevan, Purplebeard, RaichuKFM, Rodney"
2014-06,13,6,53,"ayesdeeef, Brownie, Excalabur, Kevan, PTSnoop_, Purplebeard, RaichuKFM, Rodney, Sam, Sfarbs, Skju, Sprucial, TheChosenOne"
2014-07,8,1,38,"ayesdeeef, Doctor29, Kevan, King, PTSnoop_, Purplebeard, RaichuKFM, Skju"
2014-08,9,2,42,"ayesdeeef, Doctor29, Kevan, King, lilomar, nomic^3, Purplebeard, Sprucial, Sylphrena"
2014-09,10,3,36,"ayesdeeef, Bucky, Cpt_Koen, Eritivus, Kevan, nomic^3, Person93, RaichuKFM, Sylphrena, Teninten"
2014-10,9,0,28,"75th Trombone, ayesdeeef, Bucky, Doctor29, Eritivus, Kevan, RaichuKFM, Sylphrena, Teninten"
2014-11,10,0,32,"75th Trombone, ayesdeeef, Bucky, Doctor29, Eritivus, Kevan, Seventy-Fifth Trombone, Sprucial, Sylphrena, Teninten"
2014-12,8,2,32,"75th Trombone, ayesdeeef, Bucky, Doctor29, Jefferson Steelflex, Kevan, Laoding..., Sylphrena"
2015-01,12,1,76,"ais523, ayesdeeef, Brendan, Bucky, Darknight, Josh, Kevan, RaichuKFM, Skju, Sphinx, Sylphrena, _Fox_"
2015-02,20,2,106,"75th Trombone, ais523, ayesdeeef, Brendan, Bucky, Darknight, Dresdom, Josh, Kevan, Maldor, mideg, Murphy, Purplebeard, Put, RaichuKFM, Skju, Sphinx, Sylphrena, Teninten, _Fox_"
2015-03,16,2,103,"ayesdeeef, Brendan, Bucky, Darknight, Ely, Joe Pail, Josh, Kevan, Maldor, mideg, Murphy, Purplebeard, stadjer, Sylphrena, Teninten, _Fox_"
2015-04,9,2,51,"Brendan, Ely, exploto, Josh, Kevan, Maldor, mideg, severian, Sylphrena"
2015-05,8,2,36,"Brendan, dfp, Goosberry, Josh, Kevan, mideg, Sylphrena, WildCard"
2015-06,7,1,50,"Brendan, Josh, Kevan, mideg, Sylphrena, Tantusar, Tekneek"
2015-07,8,0,73,"ais523, Brendan, Darknight, Ienpw III, Josh, Kevan, Purplebeard, Tantusar"
2015-08,12,4,73,"75th Trombone, Aname, Darknight, Evo, Ienpw III, Josh, Kevan, Lynx, Purplebeard, ShareDVI, Tantusar, Winner"
2015-09,9,1,37,"ais523, ayesdeeef, Josh, Kevan, Purplebeard, ShareDVI, Tantusar, Thrawn, username5243"
2015-10,14,3,62,"75th Trombone, ais523, Aname, ayesdeeef, Brendan, delcooper11, Elias IX, Josh, Kevan, Purplebeard, Roberto, Tantusar, TazakiTsukuru, Thrawn"
2015-11,6,1,49,"Aname, archon, Brendan, Josh, Kevan, quirck"
2015-12,9,0,51,"archon, Brendan, Josh, Kevan, Murphy, quirck, RaichuKFM, ShareDVI, Tantusar"
2016-01,8,1,33,"75th Trombone, Aname, ayesdeeef, Casper, Kevan, lilomar, moonroof, quirck"
2016-02,11,3,25,"75th Trombone, Brendan, Casper, Cheshire, Larrytheturtle, lilomar, moonroof, Other Brother, PigheadedGnu, quirck, RaichuKFM"
2016-03,8,1,43,"Brendan, Clucky, GenericPerson, IceFromHell, Kevan, Larrytheturtle, quirck, RaichuKFM"
2016-04,5,0,34,"Brendan, Clucky, GenericPerson, IceFromHell, Kevan"
2016-05,9,0,41,"Aname, Brendan, Bucky, Clucky, Josh, Kevan, Larrytheturtle, quirck, Spitemaster"
2016-06,9,1,57,"Aft3rwards, Brendan, Bucky, Clucky, GenericPerson, Kevan, Larrytheturtle, qwertyu63, RaichuKFM"
2016-07,10,3,57,"Brendan, Bucky, Clucky, GenericPerson, Izzoboetam, Larrytheturtle, qwertyu63, RaichuKFM, ryagami, Sci_Guy12"
2016-08,14,3,73,"Aft3rwards, Aname, ayesdeeef, Brendan, Bucky, Clucky, Gaelan, Goldenpants, Kevan, Larrytheturtle, Matt, qwertyu63, RaichuKFM, Sci_Guy12"
2016-09,13,3,35,"Aft3rwards, Aname, Brendan, Josh, Kevan, Matt, Quincunx, qwertyu63, RaichuKFM, Sci_Guy12, ShareDVI, thesunneversets, Viv"
2016-10,4,0,33,"Brendan, Kevan, Matt, Quincunx"
2016-11,10,0,36,"ayesdeeef, Brendan, Bucky, gazebo_dude, Kevan, Matt, Quincunx, Sci_Guy12, ShareDVI, southpointingchariot"
2016-12,8,1,27,"75th Trombone, Brendan, Bucky, Kevan, Matt, Phildor, Viv, Zaratustra"
2017-01,6,2,28,"Cuddlebeam, Kevan, Matt, pokes, Quincunx, Viv"
2017-02,10,3,57,"card, Cuddlebeam, derrick, Kevan, Matt, orkboi, pokes, Quincunx, quirck, Viv"
2017-03,11,0,106,"arthexis, card, Cuddlebeam, derrick, Kevan, Matt, Oracular rufio, orkboi, pokes, quirck, Viv"
2017-04,14,2,85,"arthexis, card, Crumb, Cuddlebeam, derrick, Maldor, Matt, Oracular rufio, orkboi, pokes, Publius Scribonius Scholasticus, Quincunx, Ryntai, Viv"
2017-05,12,1,72,"card, Cpt_Koen, Cuddlebeam, duck, Gaelan, Kevan, Matt, Oracular rufio, orkboi, pokes, Publius Scribonius Scholasticus, Sphinx"
2017-06,10,1,79,"card, Cpt_Koen, Cuddlebeam, duck, Kevan, Matt, orkboi, pokes, Sinq, Sphinx"
2017-07,12,3,86,"Axemabaro, card, Cpt_Koen, Cuddlebeam, derrick, Dewaldo, Kevan, Maldor, orkboi, pokes, Sphinx, Thunder"
2017-08,9,1,63,"card, Cuddlebeam, derrick, Dewaldo, Kevan, Maldor, pokes, Sesquipedalian, Thunder"
2017-09,16,4,73,"Axemabaro, card, Cuddlebeam, Darknight, derrick, Gaelan, Kevan, Maldor, pokes, Rover1, Semiel, Sesquipedalian, Sylphrena, Thunder, Trigon, VJRada"
2017-10,9,2,51,"Arsaces, Axemabaro, card, Cuddlebeam, derrick, fourliberties, Maldor, pokes, Trigon"
2017-11,8,2,63,"Axemabaro, card, Cuddlebeam, derrick, Diabecko, Grynk, pokes, Trigon"
2017-12,9,2,54,"ATMunn, Axemabaro, card, Cuddlebeam, Diabecko, Grynk, Kevan, PineTreeQ, pokes"
2018-01,9,1,72,"Axemabaro, card, Cuddlebeam, derrick, Diabecko, Kevan, PineTreeQ, pokes, samzeman"
2018-02,8,1,68,"card, Cuddlebeam, Diabecko, Foolish Mortal, HugBeam, Kevan, pokes, samzeman"
2018-03,11,1,61,"Axemabaro, card, Cuddlebeam, Diabecko, ElMarko, Foolish Mortal, Grynk, Kevan, nqeron, pokes, Thunder"
2018-04,8,1,13,"card, Corona, Cuddlebeam, Diabecko, Kevan, nqeron, pokes, Thunder"
2018-05,15,3,99,"Axemabaro, Brendan, card, Corona, Cpt_Koen, Cuddlebeam, derrick, Dewaldo, ElMarko, Jumble, Kevan, Maris, pokes, Stoneworth, Thunder"
2018-06,11,2,74,"9spaceking, Axemabaro, Brendan, card, Corona, Cuddlebeam, derrick, Kevan, LinkVanyali, Trigon, VJRada"
2018-07,9,2,60,"9spaceking, Brendan, card, causticAnalysis, Corona, derrick, Jumble, Kevan, Pseudo-Climacus"
2018-08,11,0,62,"9spaceking, Axemabaro, Brendan, card, Cuddlebeam, derrick, Jumble, Kevan, pokes, Quincunx, Trigon"
2018-09,10,1,67,"9spaceking, Axemabaro, Brendan, card, Cuddlebeam, derrick, Josh, Jumble, Kevan, Zaphod"
2018-10,8,0,50,"9spaceking, Brendan, card, derrick, Kevan, pokes, Trigon, Zaphod"
2018-11,7,1,50,"Brendan, derrick, Jacob, Kevan, pokes, Purplebeard, Trigon"
2018-12,11,3,28,"Brendan, Cuddlebeam, derrick, Diabecko, edelopo, Kevan, naught, pokes, StripedMaple, Trigon, Zaphod"
2019-01,8,1,46,"Allo, derrick, Kevan, naught, pokes, ShareDVI, Trigon, Zaphod"
2019-02,10,1,41,"9spaceking, Allo, derrick, Kevan, Luther&Locke, naught, Oracular rufio, pokes, Trigon, Zaphod"
2019-03,7,0,29,"card, derrick, naught, Oracular rufio, pokes, Trigon, Zaphod"
2019-04,7,0,37,"card, derrick, Kevan, naught, Purplebeard, Trigon, Zaphod"
2019-05,9,2,58,"9spaceking, Axemabaro, card, derrick, Farsight, Kevan, naught, pokes, ubq323"
2019-06,10,2,60,"Brendan, card, derrick, Farsight, Ienpw III, Kaia, Kevan, naught, pokes, TyGuy6"
2019-07,13,0,72,"Brendan, card, Cuddlebeam, derrick, Farsight, Ienpw III, Kaia, Kevan, naught, pokes, Quincunx, Thunder, TyGuy6"
2019-08,9,0,47,"card, derrick, Farsight, Ienpw III, Kevan, pokes, Thunder, TyGuy6, ubq323"
2019-09,9,1,51,"Astimageon, Axemabaro, Brendan, Farsight, Kaia, Kevan, pokes, Thunder, TyGuy6"
2019-10,7,1,64,"3Balance, Brendan, Cuddlebeam, Farsight, Kevan, pokes, TyGuy6"
2019-11,7,1,109,"75th Trombone, card, Cuddlebeam, Farsight, Kevan, The Duke of Waltham, TyGuy6"
2019-12,8,0,36,"card, Cuddlebeam, Farsight, Kevan, NoOneImportant, pokes, The Duke of Waltham, TyGuy6"
2020-01,12,1,123,"Brendan, card, Cuddlebeam, Darknight, derrick, ElFerde, Josh, Jumble, Kevan, Tantusar, The Duke of Waltham, TyGuy6"
2020-02,13,1,64,"Avilva, Brendan, card, Cuddlebeam, derrick, Farsight, Josh, Jumble, Kevan, naught, pokes, Tantusar, The Duke of Waltham"
2020-03,14,3,75,"Brendan, card, Clucky, Cuddlebeam, Farsight, JimothyFromTLTT, Josh, Kevan, naught, Ninja, pencilgame, pokes, Tantusar, TyGuy6"
2020-04,11,0,47,"Brendan, Clucky, JimothyFromTLTT, Josh, Jumble, Kevan, naught, pencilgame, pokes, Tantusar, Trigon"
2020-05,17,1,91,"75th Trombone, ais523, Axemabaro, ayesdeeef, Clucky, Darknight, derrick, Josh, Jumble, Kevan, Marco Sulla, naught, pokes, Publius Scribonius Scholasticus, Tantusar, The Duke of Waltham, Trigon"
2020-06,16,2,61,"75th Trombone, ais523, Axemabaro, ayesdeeef, Clucky, Josh, Jumble, Kevan, Marco Sulla, pokes, Publius Scribonius Scholasticus, Rebecca Lee, Seventy-Fifth Trombone, Tantusar, Trigon, Zyborg"
2020-07,9,2,35,"Cuddlebeam, FamilyMan, Josh, Jumble, Kaia, Kevan, pokes, Raven1207, Zyborg"
2020-08,11,3,98,"Aname, Bais, Cuddlebeam, derrick, Josh, Jumble, Kevan, Raven1207, Riggdan, Tofuna, Zyborg"
2020-09,15,0,96,"9spaceking, Bais, Brendan, card, Clucky, Cuddlebeam, derrick, Josh, Jumble, Kevan, pokes, Raven1207, Tantusar, Tofuna, Vovix"
2020-10,16,3,74,"9spaceking, Bais, Brendan, Bucky, card, Clucky, Cuddlebeam, derrick, Great_Guy96, Josh, Jumble, Kevan, pokes, Raven1207, robotabc773, Sylav"
2020-11,13,2,47,"Bais, Bucky, Clucky, Coderblaze, Darknight, Josh, Kevan, lendunistus, Maris, pokes, Raven1207, robotabc773, Sylav"
2020-12,8,0,44,"Bucky, Coderblaze, Josh, Kevan, lendunistus, pokes, Raven1207, robotabc773"
2021-01,9,9,78,"Brendan, Bucky, Clucky, Coderblaze, Josh, Jumble, Kevan, pokes, Raven1207"
2021-02,12,3,72,"Brendan, Bucky, Clucky, Coderblaze, Cuddlebeam, Josh, Jumble, Kevan, pokes, Raven1207, Vovix, Zack"
2021-03,11,1,139,"Brendan, Bucky, Clucky, Cuddlebeam, Josh, Jumble, Kevan, lemon, pokes, Raven1207, Zack"
2021-04,14,5,101,"90000, Bais, Brendan, Casio, Clucky, Jason, Josh, Jumble, Kevan, lemon, pokes, Raven1207, SylkWeaver, Zack"
2021-05,12,3,67,"Clucky, Jason, Josh, Jumble, Kevan, lemon, pokes, Raven1207, SupernovaStarbright, Tofuna, Trapdoorspyder, Zack"
2021-06,14,4,128,"ais523, Brendan, Chiiika, Clucky, Darknight, Jason, Josh, Jumble, Kevan, lemon, Phil, pokes, Raven1207, Zack"
2021-07,11,0,115,"ais523, Brendan, Chiiika, Clucky, Jason, Josh, Jumble, Kevan, lemon, Phil, Trapdoorspyder"
2021-08,17,2,145,"ais523, Brendan, Bucky, Chiiika, Clucky, Cuddlebeam, Darknight, dead. The player named Clucky has achieved victory, Jason, Josh, Jumble, Kevan, lemon, Raven1207, Tantusar, Trapdoorspyder, Vovix"
2021-09,15,2,115,"Brendan, Clucky, Cuddlebeam, Darknight, Josh, Jumble, Kevan, lemon, pokes, redtara, SupernovaStarbright, Tantusar, Trapdoorspyder, utina, Zack"
2021-10,17,3,123,"Axemabaro, Brendan, Chiiika, Clucky, Cuddlebeam, Josh, Jumble, Kevan, lemon, pokes, Raven1207, redtara, Silverwing, Trapdoorspyder, TyGuy6, Vovix, Zack"
2021-11,15,1,86,"arthexis, Brendan, Chiiika, Clucky, Darknight, Josh, Jumble, Kevan, lemon, pokes, Raven1207, redtara, Silverwing, Trapdoorspyder, TyGuy6"
2021-12,17,2,85,"arthexis, ATMunn, Brendan, Clucky, Darknight, Jason, Josh, Jumble, Kevan, lemon, pokes, Raven1207, redtara, SupernovaStarbright, Tempo, Trapdoorspyder, TyGuy6"
2022-01,15,2,112,"Brendan, Chiiika, Clucky, Darknight, Josh, Jumble, Kevan, lemon, lendunistus, redtara, Silverwing, SupernovaStarbright, Tech, TyGuy6, Zack"

